{
  "Contact": [
    {
      "contactID": "B1",
      "contactName": "Badri Sharma",
      "contactAge": "28",
      "contactAddress": "Patratu",
      "id": 1
    },
    {
      "contactID": "B2",
      "contactName": "Rama Rao",
      "contactAge": "38",
      "contactAddress": "Ramgarh",
      "id": 3
    },
    {
      "contactID": "B3",
      "contactName": "Ayush Singh",
      "contactAge": "29",
      "contactAddress": "Kanke",
      "id": 4
    },
    {
      "contactID": "B4",
      "contactName": "Alka Gupta",
      "contactAge": "18",
      "contactAddress": "Lalpur",
      "id": 5
    },
    {
      "contactID": "B5",
      "contactName": "Rehman Ansari",
      "contactAge": "30",
      "contactAddress": "Patratu",
      "id": 6
    },
    {
      "contactID": "B6",
      "contactName": "Josh Malhotra",
      "contactAge": "32",
      "contactAddress": "Ratu",
      "id": 7
    },
    {
      "contactID": "B7",
      "contactName": "Mahesh Kalma",
      "contactAge": "31",
      "contactAddress": "Ring Road",
      "id": 8
    }
  ]
}